{
    "loss": 0.17130903899669647,
    "accuracy": 0.9396551847457886
}